<?xml version="1.0" encoding="UTF-8"?>
<krpano>


  <data name="en_project_title"><![CDATA[Family Clinic - Астана]]></data>



  <data name="en_pano25_title"><![CDATA[Ресепшн]]></data>
  <data name="en_spotpoint46_tooltip"><![CDATA[Центральный холл]]></data>
  <data name="en_spotpoint48_tooltip"><![CDATA[Выход]]></data>


  <data name="en_pano27_title"><![CDATA[Центральный холл]]></data>
  <data name="en_spotpoint50_tooltip"><![CDATA[Ресепшн]]></data>


  <data name="en_pano29_title"><![CDATA[Фасад клиники]]></data>
  <data name="en_spotpoint49_tooltip"><![CDATA[Вход]]></data>


  <data name="en_pano31_title"><![CDATA[Room 01]]></data>


  <data name="en_pano33_title"><![CDATA[Криосауна]]></data>


  <data name="en_pano35_title"><![CDATA[Дневной стационар]]></data>


  <data name="en_pano37_title"><![CDATA[Room 04]]></data>


  <data name="en_pano39_title"><![CDATA[Room 05]]></data>


  <data name="en_pano41_title"><![CDATA[Детская терапия]]></data>


  <data name="en_pano43_title"><![CDATA[Оториноларингология]]></data>


  <data name="en_pano80_title"><![CDATA[Офтальмология]]></data>


  <data name="en_pano82_title"><![CDATA[Room 09]]></data>


  <data name="en_pano84_title"><![CDATA[Гинекология]]></data>


  <data name="en_pano86_title"><![CDATA[Стоматология]]></data>


  <data name="en_pano88_title"><![CDATA[Рентгенология]]></data>


  <data name="en_pano90_title"><![CDATA[Соляная шахта]]></data>




  <data name="en_contextmenuopenFsLabel"><![CDATA[В полный экран]]></data>
  <data name="en_contextmenucloseFsLabel"><![CDATA[В окно браузера]]></data>
  <data name="en_panotourmapskey"><![CDATA[]]></data>
  <data name="en_controlBar_izoomInTip"><![CDATA[Приблизить]]></data>
  <data name="en_controlBar_izoomOutTip"><![CDATA[Удалить]]></data>
  <data name="en_controlBar_ishowThumbnailsTip"><![CDATA[Показать галерею]]></data>
  <data name="en_controlBar_ihideThumbnailsTip"><![CDATA[Скрыть галерею]]></data>
  <data name="en_logowebsiteurl"><![CDATA[]]></data>


















































</krpano>